x1,y1,x2,y2,confidence,class_id,image_path
874.8982,406.8684,1079.281,495.60886,0.8110862,2.0,cg.png
557.26996,435.33264,843.6739,560.23096,0.7899854,2.0,cg.png
705.5213,357.6623,774.6509,410.8464,0.77371466,2.0,cg.png
1.2875375,468.54156,429.02612,632.6669,0.6344504,7.0,cg.png
2.0718606,471.25815,428.64874,632.26166,0.45703328,2.0,cg.png
